id;id_livreur;nom;prenom;email;numero_tel;cooperative
1;42252;hack;payment methodologies;Ancelin_Dumas@hotmail.fr;wireless orchid Nakfa;Gorgeous calculating
2;36340;Fantastic networks Coordinateur;web copy Soft;Aurore.Masson6@hotmail.fr;la Bahre√Øn;Sports
3;92834;Rubber copy;XSS Sleek a;Jean_Lecomte@yahoo.fr;Executif paradigms;Bedfordshire tangible
4;98862;Account;Steel Picardie solid;Monique_Vidal@yahoo.fr;heuristic Sports;facilitate
5;72134;quantifying Rustic;Stagiaire;Nestor.Nguyen75@yahoo.fr;Unbranded;payment Guatemala
6;50289;Steel SSL uniform;user-facing brand;Azeline.Chevalier@hotmail.fr;digital a green;quantify Table Charron
7;26919;generating JSON;success Soap;Fiacre.Rousseau67@gmail.com;Account;expedite b
8;73184;Savings;Account synergize Toys;Germaine.Clement@yahoo.fr;deploy transmitting;SAS
9;87499;Avon Avon c;c;Flodoard.Bonnet33@yahoo.fr;Clothing navigating Function-based;24/7 Licensed
10;69624;Practical;dedicated reboot Specialiste;Archange52@yahoo.fr;calculate Refined Reverse-engineered;Robust
